{"accuracy": [0.5742161870002747, 0.8353538513183594, 0.8991490006446838, 0.9275604486465454, 0.9445655345916748, 0.9584353566169739, 0.9646461606025696, 0.9730068445205688, 0.9759629964828491, 0.9774261116981506], "loss": [1.4596377611160278, 0.5174317955970764, 0.3144434988498688, 0.22158637642860413, 0.16772377490997314, 0.12644048035144806, 0.10888727754354477, 0.07962895184755325, 0.07246541231870651, 0.0681280866265297], "val_accuracy": [0.826712965965271, 0.8671181201934814, 0.9246528744697571, 0.9222626686096191, 0.9422376751899719, 0.9471318125724792, 0.9405303597450256, 0.9536762833595276, 0.9513999819755554, 0.9524242877960205], "val_loss": [0.5613869428634644, 0.41576269268989563, 0.23689892888069153, 0.24002033472061157, 0.1793234497308731, 0.17194145917892456, 0.19528311491012573, 0.15433241426944733, 0.1688574254512787, 0.15986554324626923]}